index,true,pred,p0,p1,p2,p3,p4,p5,p6,p7,p8,p9
0,5,5,0.000303,0.000004,0.000026,0.000034,0.000403,0.995948,0.000208,0.000060,0.000167,0.002846
1,2,2,0.000066,0.000007,0.999460,0.000143,0.000019,0.000022,0.000176,0.000009,0.000040,0.000057
2,8,8,0.000030,0.006079,0.000003,0.000023,0.000016,0.000004,0.000074,0.000082,0.993641,0.000047
3,1,8,0.001086,0.049575,0.000054,0.000028,0.000277,0.000171,0.003657,0.000573,0.944329,0.000250
4,7,7,0.000001,0.000006,0.000018,0.000055,0.000012,0.000113,0.000003,0.999767,0.000018,0.000007
5,2,2,0.000383,0.000050,0.971529,0.027416,0.000005,0.000009,0.000064,0.000248,0.000254,0.000042
6,6,6,0.000369,0.000015,0.000053,0.000053,0.000115,0.000204,0.998986,0.000002,0.000193,0.000009
7,2,2,0.000172,0.000105,0.999271,0.000277,0.000024,0.000011,0.000033,0.000044,0.000042,0.000021
8,6,6,0.000373,0.000104,0.000315,0.000162,0.000574,0.000034,0.998052,0.000015,0.000368,0.000004
9,5,5,0.000001,0.000002,0.000018,0.000040,0.000001,0.999778,0.000001,0.000144,0.000002,0.000014
10,0,0,0.998728,0.000049,0.000964,0.000024,0.000014,0.000103,0.000015,0.000035,0.000018,0.000049
11,5,5,0.000005,0.000001,0.000001,0.000050,0.000008,0.999901,0.000003,0.000010,0.000004,0.000016
12,9,9,0.000032,0.000567,0.000001,0.000017,0.001836,0.000303,0.000030,0.000041,0.000029,0.997144
13,3,3,0.000001,0.000006,0.000143,0.997655,0.000003,0.000157,0.000037,0.000048,0.000157,0.001793
14,4,4,0.000070,0.000018,0.000011,0.000010,0.998027,0.000008,0.001751,0.000033,0.000019,0.000053
15,4,4,0.000161,0.000566,0.000012,0.000000,0.998413,0.000004,0.000145,0.000250,0.000005,0.000442
16,2,2,0.000371,0.000541,0.998404,0.000471,0.000036,0.000006,0.000021,0.000061,0.000027,0.000062
17,4,4,0.000098,0.000008,0.000020,0.000005,0.998353,0.000004,0.001461,0.000018,0.000005,0.000027
18,9,9,0.000158,0.001824,0.000015,0.000103,0.041561,0.001093,0.000114,0.004016,0.001033,0.950083
19,9,9,0.000067,0.004452,0.000025,0.032322,0.000163,0.001948,0.000158,0.000302,0.001305,0.959259
20,6,6,0.000871,0.000017,0.000253,0.000079,0.000353,0.000121,0.998127,0.000004,0.000166,0.000009
21,3,3,0.000061,0.002641,0.023003,0.913516,0.000004,0.020985,0.000016,0.039246,0.000010,0.000519
22,8,8,0.000074,0.000054,0.000016,0.000064,0.000174,0.000117,0.000641,0.000467,0.992894,0.005497
23,1,1,0.000161,0.984382,0.000464,0.000007,0.000086,0.000008,0.000064,0.001044,0.013780,0.000003
24,2,2,0.000509,0.000180,0.998216,0.000219,0.000022,0.000003,0.000067,0.000093,0.000625,0.000067
25,5,5,0.000027,0.000000,0.000004,0.000047,0.000023,0.999844,0.000002,0.000022,0.000005,0.000027
26,6,6,0.001636,0.000351,0.000014,0.000173,0.000148,0.000765,0.996437,0.000004,0.000456,0.000015
27,0,0,0.999132,0.000097,0.000314,0.000015,0.000046,0.000041,0.000016,0.000092,0.000078,0.000169
28,3,3,0.000097,0.000021,0.002540,0.990526,0.000014,0.000066,0.000243,0.000240,0.000742,0.005511
29,4,4,0.000252,0.000036,0.000037,0.000001,0.999333,0.000006,0.000142,0.000159,0.000000,0.000032
30,6,6,0.000212,0.000057,0.000091,0.000283,0.000023,0.000113,0.985833,0.000009,0.013369,0.000011
31,7,7,0.000009,0.000296,0.000169,0.000001,0.000086,0.000014,0.000001,0.999371,0.000011,0.000041
32,2,2,0.000648,0.000137,0.998097,0.000108,0.000019,0.000001,0.000066,0.000085,0.000807,0.000031
33,6,6,0.000479,0.000857,0.000202,0.000981,0.000180,0.000066,0.918027,0.000049,0.079125,0.000033
34,6,6,0.002507,0.000149,0.000402,0.000095,0.003106,0.000321,0.993200,0.000004,0.000199,0.000017
35,6,6,0.001118,0.000049,0.000083,0.000298,0.000182,0.002526,0.994006,0.000008,0.001707,0.000022
36,6,8,0.222765,0.021766,0.002563,0.003480,0.007337,0.000473,0.295176,0.001116,0.445198,0.000125
37,5,5,0.000009,0.000001,0.000002,0.000038,0.000005,0.999931,0.000004,0.000003,0.000002,0.000005
38,0,0,0.999447,0.000061,0.000281,0.000008,0.000030,0.000069,0.000045,0.000019,0.000019,0.000021
39,9,9,0.001250,0.000094,0.000085,0.000154,0.000169,0.000133,0.000049,0.000144,0.000248,0.997675
40,1,1,0.000005,0.999939,0.000001,0.000002,0.000008,0.000006,0.000003,0.000023,0.000012,0.000000
41,7,7,0.000070,0.003000,0.000598,0.000005,0.012490,0.000054,0.000048,0.983676,0.000016,0.000042
42,9,9,0.000085,0.003223,0.000487,0.056053,0.000056,0.000727,0.000034,0.000530,0.000088,0.938717
43,6,6,0.000407,0.000010,0.000778,0.000213,0.000923,0.000058,0.997337,0.000014,0.000252,0.000008
44,5,5,0.000000,0.000025,0.000008,0.000275,0.000004,0.999180,0.000002,0.000059,0.000011,0.000435
45,7,7,0.000107,0.000337,0.000041,0.000571,0.012304,0.000747,0.000045,0.985353,0.000063,0.000433
46,5,5,0.000063,0.000001,0.000001,0.000012,0.000012,0.999894,0.000005,0.000008,0.000001,0.000003
47,2,2,0.000191,0.000192,0.999321,0.000118,0.000047,0.000006,0.000044,0.000024,0.000027,0.000030
48,7,7,0.000003,0.000032,0.000025,0.000001,0.000026,0.000026,0.000000,0.999570,0.000028,0.000290
49,5,5,0.000000,0.000005,0.000003,0.000062,0.000012,0.999726,0.000002,0.000010,0.000010,0.000170
50,0,0,0.998550,0.000188,0.000078,0.000021,0.000050,0.000094,0.000925,0.000006,0.000053,0.000034
51,8,1,0.000974,0.987583,0.000011,0.000012,0.000941,0.000058,0.000280,0.000016,0.009907,0.000219
52,5,5,0.000001,0.000001,0.000004,0.000122,0.000005,0.999833,0.000002,0.000009,0.000007,0.000017
53,5,5,0.000106,0.000002,0.000007,0.000231,0.000010,0.999234,0.000007,0.000384,0.000012,0.000007
54,3,3,0.000001,0.000006,0.000069,0.998269,0.000002,0.001183,0.000026,0.000087,0.000018,0.000340
55,2,2,0.000133,0.004636,0.994613,0.000330,0.000091,0.000008,0.000012,0.000071,0.000008,0.000098
56,4,4,0.000165,0.000019,0.000069,0.000014,0.996848,0.000003,0.002830,0.000023,0.000008,0.000022
57,0,0,0.999234,0.000085,0.000198,0.000006,0.000151,0.000237,0.000025,0.000020,0.000003,0.000042
58,0,0,0.998102,0.000144,0.001064,0.000026,0.000059,0.000039,0.000387,0.000016,0.000046,0.000116
59,2,2,0.006049,0.000209,0.992227,0.001289,0.000006,0.000004,0.000020,0.000063,0.000030,0.000104
60,7,7,0.000059,0.001191,0.012207,0.000019,0.001039,0.000049,0.000008,0.985400,0.000011,0.000018
61,5,5,0.000025,0.000001,0.000005,0.000024,0.000019,0.999776,0.000004,0.000014,0.000005,0.000128
62,6,6,0.000546,0.000011,0.000113,0.000051,0.000027,0.000063,0.998040,0.000003,0.001139,0.000004
63,1,1,0.000046,0.970928,0.000017,0.000010,0.025903,0.000156,0.000508,0.002339,0.000006,0.000087
64,3,3,0.000007,0.000011,0.000266,0.952879,0.000008,0.000431,0.000042,0.000170,0.000141,0.046045
65,7,7,0.000005,0.000013,0.000009,0.000001,0.000045,0.000020,0.000001,0.999862,0.000024,0.000022
66,6,6,0.001434,0.000081,0.000036,0.000042,0.000302,0.000418,0.997586,0.000002,0.000090,0.000009
67,5,5,0.000265,0.000108,0.002039,0.250708,0.001168,0.510103,0.003959,0.000285,0.003106,0.228260
68,7,7,0.000010,0.000022,0.000025,0.000015,0.000019,0.000049,0.000003,0.999506,0.000269,0.000082
69,0,0,0.999126,0.000094,0.000364,0.000043,0.000039,0.000059,0.000117,0.000011,0.000013,0.000132
70,9,9,0.000018,0.000007,0.000065,0.003720,0.000041,0.002087,0.000006,0.000036,0.000027,0.993993
71,0,0,0.998433,0.000300,0.000300,0.000009,0.000222,0.000034,0.000616,0.000016,0.000017,0.000054
72,3,3,0.000003,0.000075,0.000400,0.992363,0.000002,0.004894,0.000011,0.001967,0.000001,0.000284
73,8,8,0.000022,0.000111,0.000034,0.000545,0.000033,0.000056,0.000483,0.000120,0.998126,0.000469
74,2,2,0.000170,0.038710,0.959549,0.000864,0.000205,0.000040,0.000014,0.000314,0.000009,0.000124
75,5,5,0.000015,0.000003,0.000025,0.001723,0.000022,0.997950,0.000091,0.000019,0.000067,0.000086
76,8,8,0.000097,0.000646,0.000014,0.000016,0.000008,0.000013,0.000092,0.005170,0.993916,0.000026
77,2,2,0.000427,0.000232,0.998352,0.000816,0.000018,0.000008,0.000012,0.000075,0.000024,0.000035
78,3,3,0.000002,0.000036,0.000075,0.993624,0.000008,0.000624,0.000059,0.000026,0.001101,0.004444
79,5,5,0.000004,0.000001,0.000004,0.000006,0.000007,0.999905,0.000002,0.000064,0.000001,0.000005
80,9,9,0.000712,0.005247,0.000034,0.000192,0.093137,0.001307,0.000830,0.005615,0.037608,0.855318
81,3,3,0.000003,0.000009,0.000116,0.995658,0.000006,0.000189,0.000052,0.000051,0.000863,0.003053
82,2,2,0.000624,0.000330,0.997866,0.000947,0.000017,0.000003,0.000031,0.000049,0.000072,0.000062
83,7,7,0.000001,0.000004,0.000081,0.000002,0.000004,0.000047,0.000000,0.999842,0.000012,0.000006
84,9,9,0.000007,0.000004,0.000005,0.000160,0.000055,0.000376,0.000002,0.000024,0.000016,0.999352
85,6,6,0.000712,0.000068,0.000558,0.000101,0.001021,0.000055,0.997158,0.000004,0.000317,0.000007
86,8,8,0.000094,0.039400,0.000395,0.000003,0.000486,0.000004,0.000271,0.000085,0.959243,0.000020
87,1,1,0.005182,0.608276,0.000216,0.004969,0.008182,0.001878,0.001299,0.001888,0.071246,0.296864
88,0,0,0.999183,0.000081,0.000053,0.000008,0.000342,0.000191,0.000075,0.000013,0.000005,0.000049
89,1,1,0.002987,0.840726,0.000174,0.000911,0.000191,0.011734,0.003138,0.001070,0.138990,0.000080
90,2,2,0.000090,0.000005,0.999526,0.000035,0.000019,0.000007,0.000234,0.000006,0.000045,0.000033
91,9,9,0.000011,0.000004,0.000005,0.000085,0.000080,0.000442,0.000003,0.000026,0.000017,0.999328
92,4,4,0.000153,0.001002,0.000632,0.000021,0.995915,0.000004,0.001946,0.000228,0.000080,0.000019
93,9,9,0.002455,0.067363,0.029965,0.000078,0.128731,0.001044,0.000585,0.231833,0.265237,0.272709
94,1,1,0.000094,0.991964,0.006726,0.000176,0.000303,0.000039,0.000385,0.000028,0.000276,0.000009
95,2,2,0.000151,0.000093,0.999560,0.000019,0.000050,0.000007,0.000062,0.000014,0.000019,0.000026
96,7,7,0.000005,0.000041,0.000430,0.000053,0.000125,0.000103,0.000005,0.999228,0.000004,0.000007
97,8,8,0.000076,0.005688,0.000068,0.000542,0.000049,0.000104,0.000171,0.001694,0.990948,0.000660
98,4,4,0.000138,0.000035,0.001288,0.000002,0.997990,0.000005,0.000503,0.000030,0.000006,0.000002
99,2,2,0.000849,0.001281,0.997189,0.000483,0.000026,0.000004,0.000011,0.000090,0.000016,0.000050
100,6,6,0.000292,0.000021,0.001200,0.000130,0.000326,0.000015,0.997350,0.000031,0.000632,0.000002
101,9,9,0.000056,0.000078,0.000015,0.000036,0.002185,0.001104,0.000064,0.000410,0.009201,0.986852
102,3,3,0.000001,0.000006,0.000120,0.999256,0.000003,0.000118,0.000049,0.000032,0.000162,0.000252
103,7,7,0.000014,0.000052,0.000008,0.000008,0.000090,0.000027,0.000003,0.999682,0.000056,0.000059
104,3,3,0.000002,0.000006,0.000085,0.997520,0.000005,0.000185,0.000045,0.000044,0.000261,0.001847
105,9,9,0.000581,0.000074,0.000050,0.000202,0.000127,0.000116,0.000013,0.000102,0.000155,0.998580
106,6,6,0.000419,0.000292,0.000569,0.000451,0.000298,0.000023,0.990776,0.000030,0.007138,0.000004
107,1,1,0.000296,0.970732,0.000133,0.004506,0.000208,0.000749,0.000046,0.003048,0.001192,0.019091
108,1,1,0.000079,0.952745,0.000002,0.000302,0.000225,0.000120,0.000373,0.000012,0.044127,0.002015
109,0,0,0.998326,0.000234,0.000145,0.000016,0.000145,0.000067,0.000939,0.000011,0.000024,0.000092
110,9,9,0.000122,0.000009,0.000003,0.000007,0.004120,0.000434,0.000011,0.000284,0.000051,0.994958
111,2,2,0.000126,0.000027,0.993113,0.005843,0.000011,0.000020,0.000241,0.000044,0.000390,0.000185
112,1,1,0.000008,0.998874,0.000539,0.000018,0.000217,0.000024,0.000015,0.000302,0.000002,0.000001
113,6,6,0.001399,0.000037,0.000247,0.000053,0.003764,0.000553,0.993412,0.000006,0.000506,0.000024
114,3,3,0.000001,0.000005,0.000109,0.998426,0.000003,0.000134,0.000042,0.000035,0.000208,0.001037
115,4,4,0.000252,0.000584,0.000016,0.000007,0.946195,0.000102,0.000063,0.007894,0.000017,0.044870
116,8,8,0.000141,0.001061,0.000559,0.000014,0.000057,0.000006,0.000060,0.000173,0.997850,0.000079
117,7,7,0.000002,0.000012,0.000070,0.000048,0.000067,0.000136,0.000002,0.999629,0.000003,0.000030
118,1,1,0.000075,0.999363,0.000297,0.000014,0.000039,0.000102,0.000078,0.000006,0.000023,0.000003
119,0,0,0.998848,0.000216,0.000195,0.000018,0.000044,0.000024,0.000253,0.000024,0.000149,0.000229
120,0,0,0.998712,0.000439,0.000054,0.000007,0.000217,0.000090,0.000417,0.000011,0.000004,0.000049
121,4,4,0.000071,0.000078,0.000032,0.000002,0.998609,0.000003,0.001058,0.000065,0.000040,0.000043
122,6,6,0.000271,0.000006,0.000062,0.000038,0.000067,0.000208,0.998935,0.000003,0.000404,0.000008
123,5,5,0.000010,0.000001,0.000005,0.000069,0.000005,0.999835,0.000013,0.000017,0.000041,0.000004
124,8,8,0.000342,0.285363,0.001289,0.001580,0.001154,0.000027,0.013508,0.000351,0.696319,0.000066
125,2,2,0.000431,0.000173,0.995997,0.003178,0.000014,0.000019,0.000009,0.000130,0.000022,0.000026
126,8,8,0.000008,0.001363,0.000002,0.000035,0.000003,0.000001,0.000047,0.000028,0.998500,0.000014
127,8,1,0.001760,0.807224,0.003476,0.000132,0.000330,0.000114,0.000200,0.001000,0.185660,0.000104
128,3,2,0.000379,0.001865,0.739986,0.254519,0.000038,0.000075,0.000070,0.000318,0.000503,0.002246
129,0,0,0.914748,0.001221,0.000348,0.000414,0.000563,0.000297,0.081717,0.000047,0.000352,0.000293
130,0,0,0.996344,0.000376,0.000489,0.000017,0.000058,0.000105,0.002450,0.000011,0.000097,0.000053
131,8,8,0.000013,0.000665,0.000003,0.000130,0.000090,0.000027,0.000170,0.000087,0.997608,0.001208
132,6,6,0.000430,0.000069,0.000026,0.000097,0.000021,0.000095,0.997242,0.000005,0.002009,0.000005
133,4,4,0.000130,0.000007,0.000034,0.000008,0.998895,0.000006,0.000851,0.000057,0.000001,0.000011
134,3,3,0.000018,0.000003,0.000804,0.998200,0.000004,0.000042,0.000118,0.000091,0.000209,0.000510
135,9,9,0.000486,0.003559,0.000106,0.013028,0.000351,0.000482,0.000594,0.000132,0.001781,0.979483
136,3,3,0.000005,0.000009,0.000533,0.998524,0.000001,0.000214,0.000017,0.000206,0.000011,0.000480
137,3,3,0.000001,0.000011,0.000060,0.997276,0.000004,0.000450,0.000036,0.000039,0.000208,0.001916
138,3,3,0.000002,0.000009,0.000170,0.998817,0.000004,0.000076,0.000055,0.000036,0.000446,0.000385
139,3,3,0.000046,0.000017,0.000717,0.994498,0.000011,0.000033,0.000211,0.000134,0.001156,0.003178
140,0,4,0.109335,0.001073,0.000822,0.000206,0.865223,0.000100,0.022113,0.000342,0.000344,0.000441
141,7,7,0.000063,0.000038,0.013742,0.000441,0.000044,0.004918,0.000002,0.980662,0.000078,0.000013
142,0,0,0.965626,0.000185,0.009231,0.000253,0.000269,0.000120,0.023779,0.000049,0.000266,0.000223
143,0,0,0.999466,0.000080,0.000113,0.000032,0.000028,0.000088,0.000111,0.000009,0.000019,0.000053
144,1,1,0.000217,0.994492,0.000025,0.000010,0.000167,0.000021,0.001041,0.000012,0.004011,0.000004
145,9,9,0.000131,0.002524,0.000060,0.001451,0.000119,0.000483,0.000006,0.007585,0.000029,0.987613
146,5,5,0.000009,0.000002,0.000009,0.000820,0.000024,0.998976,0.000063,0.000017,0.000052,0.000028
147,8,8,0.000035,0.000233,0.000146,0.000001,0.003368,0.000025,0.000151,0.000104,0.995787,0.000151
148,1,1,0.000188,0.958409,0.040679,0.000114,0.000193,0.000050,0.000214,0.000129,0.000020,0.000005
149,5,5,0.000004,0.000002,0.000002,0.000053,0.000012,0.999804,0.000005,0.000009,0.000005,0.000104
150,0,0,0.999419,0.000046,0.000060,0.000025,0.000130,0.000093,0.000082,0.000020,0.000032,0.000093
151,6,6,0.000655,0.000058,0.000024,0.000029,0.000432,0.000323,0.998235,0.000003,0.000226,0.000014
152,6,6,0.000368,0.000023,0.000085,0.000052,0.000231,0.000147,0.998963,0.000005,0.000119,0.000006
153,6,6,0.002138,0.000064,0.000247,0.000089,0.002113,0.000405,0.994717,0.000004,0.000204,0.000018
154,6,6,0.000227,0.000015,0.000120,0.000061,0.000135,0.000043,0.999033,0.000009,0.000353,0.000005
155,1,1,0.000051,0.997675,0.000001,0.000084,0.000140,0.000084,0.000062,0.000009,0.001048,0.000847
156,7,7,0.000605,0.023313,0.001544,0.000016,0.387371,0.000329,0.000448,0.585949,0.000016,0.000410
157,7,7,0.000004,0.000032,0.000027,0.000012,0.000009,0.000091,0.000003,0.999772,0.000047,0.000003
158,6,6,0.000537,0.000071,0.000307,0.000116,0.000152,0.000041,0.998386,0.000007,0.000380,0.000003
159,7,7,0.000003,0.000007,0.000097,0.000005,0.000007,0.000062,0.000002,0.999215,0.000594,0.000008
160,7,7,0.000004,0.000013,0.000017,0.000026,0.000064,0.000130,0.000001,0.999227,0.000034,0.000484
161,8,8,0.000027,0.000675,0.000027,0.000736,0.000108,0.000559,0.000662,0.000398,0.993279,0.003529
162,7,7,0.000002,0.000018,0.000020,0.000021,0.000013,0.000283,0.000001,0.999627,0.000005,0.000009
163,3,3,0.000001,0.000004,0.000077,0.997437,0.000002,0.000275,0.000030,0.000051,0.000079,0.002043
164,6,6,0.005628,0.000150,0.002772,0.000181,0.018019,0.000278,0.972288,0.000009,0.000638,0.000037
165,5,5,0.000002,0.000008,0.000009,0.000659,0.000005,0.999132,0.000011,0.000049,0.000106,0.000019
166,9,9,0.000038,0.000005,0.000006,0.000009,0.000358,0.000205,0.000006,0.000079,0.000098,0.999198
167,0,0,0.997778,0.000169,0.001720,0.000007,0.000035,0.000055,0.000039,0.000017,0.000013,0.000166
168,3,3,0.010178,0.000916,0.013996,0.559135,0.000348,0.384008,0.000332,0.015066,0.000651,0.015371
169,8,8,0.000010,0.002486,0.000006,0.001057,0.000085,0.000195,0.000762,0.000142,0.993353,0.001903
170,0,0,0.998988,0.000168,0.000343,0.000011,0.000100,0.000172,0.000160,0.000012,0.000005,0.000041
171,9,9,0.000021,0.000017,0.000073,0.005676,0.000030,0.000320,0.000008,0.000039,0.000031,0.993785
172,8,8,0.000039,0.036127,0.000012,0.000069,0.000018,0.000004,0.000044,0.000069,0.963577,0.000040
173,1,1,0.000212,0.998802,0.000007,0.000004,0.000056,0.000014,0.000431,0.000012,0.000462,0.000001
174,9,9,0.000468,0.000373,0.000151,0.010051,0.001250,0.000567,0.002276,0.000467,0.088855,0.895543
175,5,5,0.000002,0.000000,0.000024,0.000006,0.000002,0.999932,0.000001,0.000022,0.000008,0.000003
176,9,9,0.000112,0.000051,0.000030,0.000050,0.000042,0.000243,0.000002,0.000039,0.000010,0.999422
177,5,5,0.000006,0.000018,0.000038,0.052089,0.000016,0.947443,0.000119,0.000058,0.000106,0.000107
178,8,8,0.000102,0.000339,0.001365,0.016562,0.000174,0.006207,0.000722,0.008357,0.955767,0.010405
179,9,9,0.000244,0.000046,0.000016,0.000165,0.000515,0.000389,0.000044,0.000127,0.000458,0.997996
180,9,9,0.000064,0.000015,0.000020,0.000178,0.000303,0.018458,0.000010,0.000131,0.000042,0.980779
181,7,7,0.000012,0.001442,0.000353,0.128038,0.000099,0.002121,0.000054,0.867589,0.000008,0.000283
182,9,9,0.000014,0.000075,0.000015,0.000347,0.000196,0.001765,0.000016,0.000097,0.000659,0.996816
183,1,1,0.000017,0.999374,0.000001,0.000023,0.000063,0.000020,0.000036,0.000010,0.000415,0.000041
184,9,9,0.000025,0.000022,0.000005,0.000017,0.000112,0.000080,0.000004,0.000023,0.000018,0.999694
185,5,5,0.000002,0.000195,0.000002,0.000858,0.000024,0.998660,0.000025,0.000027,0.000042,0.000164
186,4,4,0.000476,0.000021,0.000100,0.000001,0.998109,0.000003,0.000113,0.001135,0.000003,0.000040
187,7,7,0.000152,0.022963,0.000784,0.000017,0.025605,0.000243,0.000125,0.949984,0.000010,0.000119
188,3,3,0.000002,0.000004,0.000287,0.998721,0.000001,0.000237,0.000015,0.000080,0.000008,0.000646
189,0,0,0.999610,0.000072,0.000045,0.000016,0.000047,0.000095,0.000057,0.000012,0.000009,0.000036
190,4,4,0.000467,0.000038,0.000107,0.000000,0.998080,0.000003,0.000186,0.001068,0.000003,0.000047
191,9,9,0.000046,0.000044,0.000026,0.003307,0.000076,0.000084,0.000027,0.000047,0.000214,0.996130
192,7,4,0.000618,0.003174,0.000716,0.000027,0.504718,0.000206,0.000553,0.489718,0.000016,0.000253
193,7,7,0.000005,0.000033,0.000116,0.000838,0.000051,0.000280,0.000004,0.998574,0.000005,0.000093
194,5,5,0.000003,0.000004,0.000003,0.000468,0.000005,0.999472,0.000008,0.000011,0.000014,0.000012
195,6,6,0.010747,0.315348,0.002385,0.001099,0.003157,0.000074,0.579724,0.000188,0.087257,0.000019
196,5,5,0.000002,0.000024,0.000003,0.000139,0.000018,0.999129,0.000006,0.000037,0.000013,0.000629
197,8,8,0.000016,0.000095,0.000005,0.000003,0.000003,0.000001,0.000032,0.000048,0.999783,0.000013
198,3,3,0.000005,0.000035,0.002498,0.995205,0.000002,0.000186,0.000025,0.001784,0.000021,0.000239
199,4,4,0.000150,0.000022,0.000123,0.000003,0.998834,0.000001,0.000841,0.000015,0.000002,0.000009
200,5,5,0.000001,0.000001,0.000003,0.000050,0.000003,0.999927,0.000002,0.000003,0.000004,0.000006
201,4,4,0.000077,0.000010,0.000067,0.000002,0.999403,0.000001,0.000414,0.000016,0.000002,0.000008
202,9,9,0.000712,0.001277,0.000021,0.001441,0.000888,0.000327,0.000286,0.000488,0.007947,0.986614
203,2,2,0.000323,0.003431,0.995439,0.000521,0.000044,0.000010,0.000012,0.000086,0.000007,0.000127
204,5,5,0.000015,0.000001,0.000064,0.000007,0.000006,0.999688,0.000003,0.000196,0.000014,0.000007
205,5,5,0.000001,0.000004,0.000004,0.000283,0.000017,0.999342,0.000006,0.000014,0.000028,0.000300
206,2,2,0.000312,0.044164,0.941994,0.000115,0.009376,0.000005,0.000511,0.003298,0.000222,0.000005
207,1,1,0.000005,0.999478,0.000122,0.000015,0.000072,0.000025,0.000007,0.000275,0.000001,0.000001
208,3,3,0.000043,0.000028,0.009521,0.984805,0.000008,0.000820,0.000216,0.000222,0.000486,0.003852
209,8,8,0.000018,0.000062,0.000004,0.000008,0.000009,0.000007,0.000097,0.000231,0.999485,0.000078
210,8,8,0.000013,0.000102,0.000016,0.000007,0.000020,0.000002,0.000049,0.000041,0.999633,0.000116
211,9,9,0.000185,0.000046,0.000035,0.001315,0.000428,0.000274,0.000089,0.000260,0.002033,0.995335
212,3,3,0.000006,0.000004,0.000502,0.997815,0.000001,0.000484,0.000016,0.000362,0.000009,0.000802
213,6,6,0.001194,0.000978,0.000270,0.000127,0.002043,0.000074,0.994989,0.000008,0.000307,0.000009
214,1,1,0.076120,0.916517,0.000021,0.000016,0.001191,0.000339,0.000224,0.000783,0.000270,0.004518
215,0,0,0.999461,0.000040,0.000082,0.000025,0.000097,0.000185,0.000029,0.000021,0.000010,0.000050
216,1,1,0.000007,0.999737,0.000023,0.000001,0.000147,0.000006,0.000023,0.000048,0.000006,0.000001
217,4,4,0.000177,0.000024,0.000006,0.000004,0.999236,0.000011,0.000171,0.000069,0.000012,0.000291
218,0,0,0.999264,0.000115,0.000077,0.000009,0.000110,0.000035,0.000292,0.000012,0.000032,0.000053
219,5,5,0.000000,0.000001,0.000002,0.000023,0.000002,0.999944,0.000001,0.000012,0.000001,0.000014
220,5,5,0.000000,0.000000,0.000002,0.000032,0.000002,0.999949,0.000001,0.000006,0.000001,0.000007
221,6,6,0.000270,0.000027,0.000287,0.000060,0.000105,0.000027,0.999007,0.000011,0.000205,0.000002
222,6,6,0.000666,0.000238,0.000163,0.000133,0.000276,0.000059,0.997297,0.000005,0.001155,0.000007
223,7,7,0.000012,0.000052,0.000036,0.000004,0.000832,0.000054,0.000008,0.998968,0.000026,0.000007
224,4,4,0.000144,0.000031,0.000071,0.000002,0.998635,0.000002,0.000554,0.000534,0.000003,0.000023
225,3,3,0.000002,0.000007,0.000228,0.998714,0.000002,0.000130,0.000028,0.000046,0.000063,0.000779
226,8,8,0.000014,0.000176,0.000003,0.000025,0.000074,0.000022,0.000130,0.000046,0.998836,0.000674
227,4,4,0.000127,0.000007,0.000053,0.000012,0.996797,0.000016,0.002933,0.000037,0.000003,0.000015
228,1,6,0.100746,0.006440,0.011198,0.000302,0.045987,0.009376,0.824185,0.000072,0.001386,0.000309
229,0,0,0.999259,0.000045,0.000137,0.000027,0.000205,0.000070,0.000072,0.000032,0.000020,0.000131
230,7,7,0.000327,0.000195,0.000107,0.000013,0.018202,0.000295,0.000027,0.980609,0.000143,0.000082
231,9,9,0.000049,0.001428,0.000005,0.000006,0.000245,0.000045,0.000002,0.000386,0.000018,0.997815
232,2,2,0.000150,0.000570,0.998895,0.000192,0.000039,0.000002,0.000032,0.000034,0.000053,0.000033
233,8,1,0.000564,0.732061,0.012153,0.000399,0.000743,0.000026,0.001071,0.002063,0.250886,0.000033
234,4,4,0.000174,0.000390,0.000058,0.000005,0.998472,0.000013,0.000277,0.000574,0.000001,0.000036
235,8,8,0.000111,0.000016,0.000039,0.000024,0.000064,0.000472,0.000121,0.007241,0.991371,0.000542
236,4,4,0.000217,0.000014,0.000069,0.000002,0.998750,0.000005,0.000878,0.000044,0.000001,0.000022
237,2,2,0.000749,0.000609,0.996738,0.001700,0.000020,0.000008,0.000008,0.000096,0.000023,0.000048
238,4,4,0.000895,0.000031,0.000566,0.000004,0.997929,0.000004,0.000525,0.000034,0.000005,0.000007
239,0,0,0.994085,0.000266,0.000298,0.000226,0.000469,0.000284,0.000094,0.000636,0.002334,0.001308
240,0,0,0.998819,0.000717,0.000127,0.000001,0.000110,0.000029,0.000062,0.000024,0.000015,0.000094
241,0,0,0.998685,0.000137,0.000219,0.000031,0.000354,0.000192,0.000301,0.000016,0.000006,0.000059
242,2,2,0.000455,0.000078,0.999115,0.000186,0.000018,0.000019,0.000019,0.000066,0.000028,0.000016
243,6,6,0.000212,0.000014,0.000096,0.000036,0.000183,0.000047,0.999152,0.000008,0.000247,0.000005
244,7,7,0.000018,0.000011,0.000016,0.000001,0.000221,0.000068,0.000001,0.999311,0.000018,0.000333
245,0,0,0.998342,0.000103,0.000090,0.000022,0.000677,0.000093,0.000590,0.000011,0.000010,0.000062
246,4,4,0.000089,0.000005,0.000036,0.000006,0.999063,0.000003,0.000749,0.000038,0.000002,0.000009
247,5,5,0.000000,0.000008,0.000004,0.000100,0.000004,0.999641,0.000002,0.000025,0.000007,0.000208
248,2,2,0.000954,0.000404,0.996299,0.002122,0.000015,0.000006,0.000012,0.000094,0.000042,0.000052
249,2,2,0.000171,0.000008,0.999600,0.000049,0.000013,0.000041,0.000061,0.000015,0.000015,0.000028
250,9,9,0.000105,0.000088,0.000008,0.000213,0.000251,0.000582,0.000032,0.000056,0.000177,0.998486
251,0,0,0.998437,0.000956,0.000176,0.000002,0.000093,0.000030,0.000168,0.000011,0.000018,0.000108
252,4,4,0.005488,0.000303,0.000917,0.000040,0.987497,0.000048,0.005612,0.000057,0.000007,0.000030
253,6,6,0.000635,0.000005,0.000506,0.000114,0.000103,0.000063,0.998345,0.000007,0.000218,0.000005
254,8,8,0.002144,0.002001,0.299280,0.031630,0.000260,0.001013,0.015189,0.000586,0.646679,0.001218
255,2,2,0.000146,0.000649,0.997262,0.000390,0.000091,0.000005,0.000158,0.000024,0.001125,0.000149
256,3,3,0.000004,0.000007,0.001635,0.997730,0.000004,0.000034,0.000073,0.000067,0.000196,0.000250
257,9,9,0.000038,0.000274,0.000005,0.000456,0.000130,0.000281,0.000056,0.000031,0.000164,0.998566
258,2,2,0.000137,0.000049,0.999422,0.000233,0.000021,0.000019,0.000046,0.000021,0.000019,0.000033
259,3,3,0.000001,0.000005,0.000133,0.999290,0.000001,0.000149,0.000024,0.000087,0.000039,0.000271
260,0,0,0.999426,0.000080,0.000206,0.000013,0.000032,0.000034,0.000036,0.000020,0.000036,0.000117
261,6,6,0.002634,0.000020,0.004671,0.000492,0.000651,0.000038,0.991282,0.000019,0.000183,0.000010
262,8,8,0.000023,0.001042,0.000025,0.002710,0.000385,0.000333,0.000629,0.000478,0.966772,0.027604
263,7,7,0.000005,0.000036,0.000010,0.000010,0.000067,0.000200,0.000003,0.999546,0.000064,0.000060
264,1,1,0.001330,0.992105,0.000001,0.000088,0.000494,0.000250,0.000141,0.000038,0.000283,0.005270
265,4,4,0.001439,0.000430,0.001704,0.000005,0.995676,0.000003,0.000428,0.000286,0.000005,0.000024
266,4,4,0.000376,0.000006,0.000047,0.000015,0.997804,0.000004,0.001653,0.000066,0.000003,0.000027
267,1,1,0.000028,0.996914,0.002298,0.000093,0.000051,0.000011,0.000028,0.000474,0.000102,0.000002
268,1,1,0.001271,0.968215,0.000928,0.000032,0.000624,0.000104,0.027847,0.000038,0.000922,0.000020
269,6,6,0.000211,0.000008,0.000890,0.000173,0.000137,0.000032,0.997601,0.000019,0.000924,0.000004
270,3,3,0.000003,0.000004,0.000133,0.996195,0.000003,0.000218,0.000030,0.000075,0.000076,0.003262
271,8,8,0.000026,0.000287,0.000047,0.000599,0.000080,0.000021,0.000317,0.000107,0.996776,0.001741
272,1,1,0.000006,0.999905,0.000010,0.000007,0.000010,0.000009,0.000004,0.000026,0.000022,0.000001
273,2,2,0.000581,0.000071,0.991552,0.007234,0.000007,0.000004,0.000063,0.000129,0.000315,0.000044
274,5,5,0.000002,0.000001,0.000004,0.000092,0.000004,0.999871,0.000005,0.000006,0.000010,0.000005
275,7,7,0.000002,0.000008,0.000011,0.000002,0.000012,0.000033,0.000001,0.999848,0.000047,0.000037
276,8,8,0.001336,0.000034,0.005163,0.000109,0.000355,0.004600,0.000140,0.136757,0.849054,0.002452
277,3,3,0.000001,0.000014,0.000024,0.994848,0.000003,0.001286,0.000021,0.000148,0.000056,0.003598
278,2,2,0.000118,0.000063,0.999391,0.000206,0.000016,0.000066,0.000046,0.000027,0.000025,0.000043
279,0,0,0.999479,0.000158,0.000082,0.000004,0.000031,0.000186,0.000019,0.000011,0.000002,0.000029
280,3,3,0.000002,0.000012,0.000273,0.997124,0.000002,0.001506,0.000040,0.000115,0.000042,0.000884
281,4,4,0.001102,0.000040,0.001226,0.000042,0.985759,0.000048,0.011690,0.000034,0.000035,0.000024
282,1,1,0.000003,0.999815,0.000010,0.000004,0.000024,0.000014,0.000005,0.000123,0.000002,0.000000
283,9,9,0.000135,0.000021,0.000044,0.000172,0.000103,0.000820,0.000010,0.000060,0.000072,0.998564
284,9,9,0.000277,0.000055,0.000037,0.000004,0.006840,0.000125,0.000018,0.080850,0.005528,0.906266
285,9,9,0.000127,0.000049,0.000009,0.000025,0.000249,0.000119,0.000021,0.000065,0.000097,0.999240
286,6,6,0.001293,0.000099,0.000046,0.000082,0.000089,0.000131,0.998034,0.000005,0.000212,0.000007
287,3,3,0.000002,0.000009,0.000344,0.998880,0.000002,0.000138,0.000020,0.000093,0.000051,0.000461
288,7,7,0.000003,0.000011,0.000034,0.000004,0.000026,0.000020,0.000002,0.999875,0.000013,0.000013
289,1,1,0.000044,0.998538,0.001289,0.000011,0.000043,0.000028,0.000024,0.000011,0.000010,0.000002
290,6,6,0.000292,0.000022,0.000079,0.000048,0.000031,0.000039,0.999154,0.000008,0.000324,0.000003
291,9,9,0.000043,0.000532,0.000004,0.000034,0.012305,0.000731,0.000076,0.000209,0.000202,0.985863
292,4,4,0.000047,0.000082,0.000033,0.000001,0.999297,0.000003,0.000326,0.000128,0.000057,0.000026
293,7,7,0.000003,0.000115,0.000049,0.001828,0.000017,0.000923,0.000008,0.997017,0.000008,0.000032
294,1,1,0.000195,0.986297,0.012399,0.000058,0.000233,0.000072,0.000582,0.000027,0.000130,0.000006
295,8,8,0.000018,0.000056,0.000028,0.000003,0.000019,0.000003,0.000026,0.000097,0.999692,0.000057
296,1,1,0.000010,0.999318,0.000064,0.000011,0.000263,0.000016,0.000035,0.000270,0.000010,0.000002
297,3,3,0.000002,0.000004,0.000552,0.998503,0.000001,0.000123,0.000028,0.000067,0.000038,0.000682
298,0,0,0.999038,0.000112,0.000105,0.000038,0.000119,0.000153,0.000361,0.000010,0.000009,0.000054
299,5,5,0.000038,0.000016,0.000060,0.002443,0.000050,0.991099,0.000059,0.000034,0.000036,0.006165
300,3,3,0.000006,0.000024,0.001962,0.993165,0.000002,0.000612,0.000021,0.003957,0.000013,0.000238
301,4,4,0.000380,0.026410,0.000250,0.000068,0.967325,0.000073,0.003016,0.002318,0.000016,0.000145
302,1,1,0.000260,0.946500,0.000103,0.042021,0.000138,0.001280,0.000092,0.001212,0.002876,0.005519
303,9,9,0.002541,0.000530,0.000297,0.001795,0.001451,0.000280,0.000369,0.001659,0.031649,0.959429
304,3,3,0.000001,0.000021,0.000017,0.996292,0.000004,0.001231,0.000036,0.000029,0.000171,0.002197
305,5,5,0.000009,0.000001,0.000008,0.000031,0.000017,0.999383,0.000003,0.000020,0.000006,0.000523
306,4,4,0.000327,0.000034,0.000146,0.000004,0.998933,0.000001,0.000520,0.000022,0.000002,0.000011
307,7,7,0.000008,0.000021,0.000092,0.000000,0.000116,0.000005,0.000001,0.999506,0.000165,0.000087
308,4,4,0.000412,0.000005,0.000073,0.000005,0.998994,0.000003,0.000427,0.000059,0.000003,0.000018
309,1,1,0.000018,0.999186,0.000001,0.000090,0.000073,0.000032,0.000057,0.000024,0.000496,0.000023
310,5,5,0.000783,0.000003,0.000032,0.000147,0.007696,0.990611,0.000149,0.000194,0.000100,0.000285
311,1,1,0.000038,0.999609,0.000004,0.000002,0.000165,0.000009,0.000128,0.000024,0.000021,0.000001
312,5,5,0.000447,0.000002,0.000029,0.000014,0.004729,0.994371,0.000265,0.000039,0.000075,0.000029
313,0,2,0.241940,0.000100,0.697575,0.019908,0.000325,0.000098,0.037781,0.000208,0.001409,0.000657
314,9,9,0.000013,0.000073,0.000003,0.000047,0.000664,0.000070,0.000012,0.000143,0.000977,0.997999
315,8,8,0.000012,0.000113,0.000010,0.000009,0.000006,0.000001,0.000041,0.000024,0.999750,0.000034
316,4,4,0.000184,0.002475,0.000859,0.000047,0.990938,0.000006,0.004789,0.000461,0.000213,0.000028
317,2,2,0.000161,0.008122,0.990627,0.000722,0.000098,0.000012,0.000019,0.000139,0.000012,0.000088
318,3,3,0.000001,0.000020,0.000060,0.997189,0.000008,0.000244,0.000073,0.000034,0.000756,0.001616
319,8,8,0.000012,0.001057,0.000005,0.000001,0.000012,0.000001,0.000302,0.000005,0.998604,0.000002
320,4,4,0.000203,0.000011,0.000031,0.000003,0.999299,0.000004,0.000204,0.000226,0.000002,0.000019
321,1,1,0.000041,0.999670,0.000002,0.000001,0.000032,0.000004,0.000025,0.000007,0.000217,0.000001
322,2,2,0.000383,0.001225,0.995743,0.002289,0.000022,0.000008,0.000030,0.000060,0.000073,0.000166
323,0,0,0.999386,0.000076,0.000093,0.000014,0.000093,0.000163,0.000072,0.000013,0.000004,0.000086
324,1,1,0.000064,0.999632,0.000014,0.000002,0.000039,0.000019,0.000161,0.000005,0.000063,0.000001
325,1,1,0.000039,0.997587,0.000361,0.000039,0.001047,0.000113,0.000009,0.000074,0.000382,0.000350
326,4,4,0.000103,0.000008,0.000033,0.000002,0.999548,0.000002,0.000237,0.000055,0.000001,0.000010
327,4,4,0.000089,0.000039,0.000044,0.000002,0.999091,0.000001,0.000501,0.000201,0.000004,0.000028
328,5,5,0.000000,0.000001,0.000004,0.000012,0.000002,0.999945,0.000001,0.000030,0.000001,0.000005
329,7,7,0.000013,0.000068,0.000059,0.000000,0.000136,0.000006,0.000001,0.999542,0.000097,0.000077
330,5,5,0.000002,0.000000,0.000007,0.000012,0.000005,0.999901,0.000002,0.000066,0.000002,0.000003
331,0,0,0.997075,0.000025,0.000053,0.000019,0.000904,0.001618,0.000057,0.000115,0.000012,0.000122
332,3,3,0.000001,0.000006,0.000033,0.996642,0.000002,0.000739,0.000021,0.000047,0.000041,0.002469
333,2,2,0.000323,0.000143,0.998554,0.000480,0.000012,0.000002,0.000119,0.000087,0.000267,0.000014
334,2,2,0.000715,0.000251,0.992876,0.005691,0.000009,0.000002,0.000048,0.000053,0.000249,0.000105
335,4,4,0.000366,0.000034,0.000154,0.000001,0.997076,0.000002,0.000190,0.002138,0.000007,0.000031
336,2,2,0.000214,0.004920,0.994192,0.000421,0.000061,0.000005,0.000015,0.000119,0.000009,0.000044
337,7,7,0.000023,0.000383,0.001661,0.000001,0.000296,0.000020,0.000003,0.997587,0.000014,0.000012
338,7,7,0.000007,0.000103,0.000176,0.000122,0.000015,0.000098,0.000011,0.999441,0.000024,0.000004
339,8,8,0.000031,0.000566,0.000037,0.000004,0.000081,0.000009,0.000027,0.000092,0.998939,0.000213
340,7,7,0.000003,0.000009,0.000008,0.000027,0.000057,0.000086,0.000002,0.999726,0.000019,0.000063
341,6,6,0.012416,0.000562,0.000099,0.000207,0.001089,0.000679,0.984606,0.000009,0.000312,0.000021
342,3,3,0.000017,0.000089,0.013711,0.981813,0.000002,0.000607,0.000025,0.003219,0.000024,0.000492
343,1,1,0.000003,0.999815,0.000010,0.000006,0.000005,0.000006,0.000002,0.000145,0.000006,0.000000
344,1,1,0.000013,0.999829,0.000001,0.000002,0.000068,0.000013,0.000013,0.000005,0.000048,0.000008
345,5,5,0.000018,0.000001,0.000006,0.000015,0.000009,0.999812,0.000005,0.000011,0.000005,0.000117
346,8,8,0.000029,0.000075,0.000021,0.000001,0.000019,0.000003,0.000044,0.000058,0.999731,0.000018
347,8,8,0.000010,0.000225,0.000006,0.000012,0.000003,0.000001,0.000417,0.000011,0.999312,0.000003
348,8,8,0.000009,0.000089,0.000003,0.000001,0.000003,0.000000,0.000076,0.000007,0.999807,0.000005
349,6,6,0.000280,0.000011,0.000225,0.000103,0.000037,0.000049,0.999048,0.000020,0.000225,0.000003
350,7,7,0.000040,0.000049,0.000052,0.000578,0.000158,0.000178,0.000032,0.998577,0.000307,0.000028
351,2,2,0.000580,0.000924,0.997892,0.000405,0.000028,0.000004,0.000015,0.000070,0.000024,0.000059
352,7,7,0.000034,0.000028,0.000012,0.000010,0.000167,0.000037,0.000004,0.999395,0.000152,0.000161
353,8,8,0.000022,0.000450,0.000067,0.000031,0.000083,0.000009,0.000030,0.000162,0.998706,0.000439
354,9,9,0.000020,0.000025,0.000011,0.000521,0.000068,0.000129,0.000011,0.000022,0.000104,0.999089
355,4,4,0.000249,0.000031,0.000055,0.000003,0.998970,0.000003,0.000617,0.000032,0.000004,0.000037
356,2,2,0.000169,0.000136,0.999199,0.000315,0.000022,0.000011,0.000037,0.000030,0.000028,0.000052
357,0,0,0.999133,0.000045,0.000055,0.000015,0.000398,0.000109,0.000062,0.000028,0.000009,0.000145
358,3,3,0.000003,0.000043,0.000398,0.998383,0.000003,0.000149,0.000032,0.000039,0.000192,0.000758
359,4,4,0.000103,0.000012,0.000045,0.000003,0.999388,0.000002,0.000399,0.000035,0.000002,0.000012
